co2_shipping,diesel_sales,e_sales,elec_cap_market,ft_capex,ft_fom,ft_vom,h2_ptc,h2_storage_capex,htse_capex,htse_elec_cap_market,htse_fom,htse_vom,jet_fuel_sales,naphtha_sales,plant
-1.1539766656000001,784993059.2099998,12996245.300499998,-5860214.342,-299795112.4,-305989671.6000001,-107571298.56000003,5462903274.700001,-19576500.0,-700176.9711,-462130996.7999998,-501614080.0,-459092435.5400002,1737621649.3600001,676618806.5999999,braidwood
-1.3314181646000005,622093023.1,829231.42429,-6062491.627999999,-227097690.4,-316551531.0000001,-111284341.96000002,3626579180.9,-19528000.02,-711718.6221,-306786488.9999999,-332997404.4000001,-304757388.21000004,1197993900.8100002,408440961.58,cooper
-1.4202404037999996,394833167.7900001,7578786.529651001,-5931802.188000002,-175484359.5,-309727613.6000001,-108885379.76000002,2385392346.9999995,-2689000.0,-724458.5905,-201840517.40000004,-219085164.4,-199089095.985,720097787.0599998,387046227.23,prairie_island
-2.3265442180000004,391253658.66999996,3834753586.029,-6576092.799999999,-153587835.0,-343369091.7999999,-120712110.60000001,6507684200.6,-50330880.95,-698493.6584,-558305865.1999999,-606005840.0,-366087657.786,720583663.12,223872134.73200008,stp
-1.5862495952,764161074.7299999,1128230.14727,-6576092.799999999,-249984024.0,-343369091.7999999,-120712110.60000001,4585937499.5,-12037500.0,-707434.7272,-387945340.1999999,-421090223.9999999,-385381669.75000006,1484027150.7500005,806284329.0600001,davis_besse
