co2_shipping,diesel_sales,e_sales,elec_cap_market,ft_capex,ft_fom,ft_vom,h2_ptc,h2_storage_capex,htse_capex,htse_elec_cap_market,htse_fom,htse_vom,jet_fuel_sales,naphtha_sales,plant
-0.05769883328000001,39249652.96049999,649812.2650249999,-293010.7171,-299795112.4,-15299483.580000004,-5378564.928000001,273145163.735,-19576500.0,-700176.9711,-23106549.83999999,-25080704.0,-22954621.77700001,86881082.46800001,33830940.33,braidwood
-0.06657090823000003,31104651.155,41461.5712145,-303124.5813999999,-227097690.4,-15827576.550000006,-5564217.098000001,181328959.04500002,-19528000.02,-711718.6221,-15339324.449999994,-16649870.220000004,-15237869.410500001,59899695.04050001,20422048.079,cooper
-0.07101202018999998,19741658.389500003,378939.32648255007,-296590.1094000001,-175484359.5,-15486380.680000003,-5444268.988000001,119269617.34999998,-2689000.0,-724458.5905,-10092025.870000001,-10954258.22,-9954454.799250001,36004889.35299999,19352311.361500002,prairie_island
-0.11632721090000002,19562682.9335,191737679.30144998,-328804.63999999996,-153587835.0,-17168454.589999996,-6035605.53,325384210.03000003,-50330880.95,-698493.6584,-27915293.259999998,-30300292.0,-18304382.8893,36029183.156,11193606.736600004,stp
-0.07931247976,38208053.736499995,56411.5073635,-328804.63999999996,-249984024.0,-17168454.589999996,-6035605.53,229296874.975,-12037500.0,-707434.7272,-19397267.009999998,-21054511.199999996,-19269083.487500004,74201357.53750002,40314216.453,davis_besse
